t,I0,Tmax,fracLeft,V_CL_plus,V_CL_minus,V1_1,V1_2,V1_3,V1_4,V1_5,V1_6,V1_7,V1_8,V1_9,V1_10,V2_1,V2_2,V2_3,V2_4,V2_5,V2_6,V2_7,V2_8,V2_9,V2_10,RTD1_1,RTD1_2,RTD1_3,RTD1_4,RTD1_5,RTD1_6,RTD1_7,RTD1_8,RTD2_1,RTD2_2,RTD2_3,RTD2_4,RTD2_5,RTD2_6,RTD2_7,RTD2_8,H1,H2
0,0,77,0.5,0,0,0,0,0,0,0,0,0,0,0,0,0,0,0,0,0,0,0,0,0,0,77,77,77,77,77,77,77,77,77,77,77,77,77,77,77,77,-999,-999
0.05,21.7672,77,0.5,0,3.907e-12,5.2287e-13,8.4073e-13,1.15779e-12,1.47523e-12,1.79664e-12,2.11256e-12,2.43184e-12,2.74501e-12,3.06308e-12,3.38605e-12,5.2287e-13,8.4073e-13,1.15779e-12,1.47523e-12,1.79664e-12,2.11256e-12,2.43184e-12,2.74501e-12,3.06308e-12,3.38605e-12,77,77,77,77,77,77,77,77,77,77,77,77,77,77,77,77,-999,-999
0.1,43.5344,77,0.5,0,7.814e-12,1.04574e-12,1.68146e-12,2.31558e-12,2.95046e-12,3.59328e-12,4.22513e-12,4.86368e-12,5.49002e-12,6.12615e-12,6.77211e-12,1.04574e-12,1.68146e-12,2.31558e-12,2.95046e-12,3.59328e-12,4.22513e-12,4.86368e-12,5.49002e-12,6.12615e-12,6.77211e-12,77,77,77,77,77,77,77,77,77,77,77,77,77,77,77,77,-999,-999
0.15,65.3016,77,0.5,0,1.1721e-11,1.56861e-12,2.52219e-12,3.47338e-12,4.42569e-12,5.38992e-12,6.33769e-12,7.29552e-12,8.23503e-12,9.18923e-12,1.01582e-11,1.56861e-12,2.52219e-12,3.47338e-12,4.42569e-12,5.38992e-12,6.33769e-12,7.29552e-12,8.23503e-12,9.18923e-12,1.01582e-11,77,77,77,77,77,77,77,77,77,77,77,77,77,77,77,77,-999,-999
0.2,87.0688,77,0.5,0,1.5628e-11,2.09148e-12,3.36292e-12,4.63117e-12,5.90092e-12,7.18656e-12,8.45026e-12,9.72737e-12,1.098e-11,1.22523e-11,1.35442e-11,2.09148e-12,3.36292e-12,4.63117e-12,5.90092e-12,7.18656e-12,8.45026e-12,9.72737e-12,1.098e-11,1.22523e-11,1.35442e-11,77,77,77,77,77,77,77,77,77,77,77,77,77,77,77,77,-999,-999
0.25,108.836,77,0.5,0,1.9535e-11,2.61435e-12,4.20365e-12,5.78896e-12,7.37615e-12,8.9832e-12,1.05628e-11,1.21592e-11,1.37251e-11,1.53154e-11,1.69303e-11,2.61435e-12,4.20365e-12,5.78896e-12,7.37615e-12,8.9832e-12,1.05628e-11,1.21592e-11,1.37251e-11,1.53154e-11,1.69303e-11,77,77,77,77,77,77,77,77,77,77,77,77,77,77,77,77,-999,-999
0.3,130.603,77,0.5,0,2.01375e-10,2.69178e-11,4.33081e-11,5.96572e-11,7.60257e-11,9.25989e-11,1.08889e-10,1.25353e-10,1.41501e-10,1.57902e-10,1.74556e-10,2.69178e-11,4.33081e-11,5.96572e-11,7.60257e-11,9.25989e-11,1.08889e-10,1.25353e-10,1.41501e-10,1.57902e-10,1.74556e-10,77,77,77,77,77,77,77,77,77,77,77,77,77,77,77,77,-999,-999
0.35,152.37,77,0.5,0,1.55257e-09,2.07532e-10,3.33898e-10,4.59947e-10,5.86145e-10,7.13922e-10,8.39519e-10,9.66448e-10,1.09095e-09,1.2174e-09,1.3458e-09,2.07532e-10,3.33898e-10,4.59947e-10,5.86145e-10,7.13922e-10,8.39519e-10,9.66448e-10,1.09095e-09,1.2174e-09,1.3458e-09,77,77,77,77,77,77,77,77,77,77,77,77,77,77,77,77,-999,-999
0.4,174.138,77,0.5,0,9.10842e-09,1.21753e-09,1.95888e-09,2.69836e-09,3.43873e-09,4.18836e-09,4.9252e-09,5.66985e-09,6.40026e-09,7.14209e-09,7.89537e-09,1.21753e-09,1.95888e-09,2.69836e-09,3.43873e-09,4.18836e-09,4.9252e-09,5.66985e-09,6.40026e-09,7.14209e-09,7.89537e-09,77,77,77,77,77,77,77,77,77,77,77,77,77,77,77,77,-999,-999
0.45,195.905,77,0.5,0,4.33724e-08,5.79761e-09,9.32777e-09,1.28491e-08,1.63745e-08,1.99441e-08,2.34528e-08,2.69987e-08,3.04767e-08,3.40092e-08,3.75961e-08,5.79761e-09,9.32777e-09,1.28491e-08,1.63745e-08,1.99441e-08,2.34528e-08,2.69987e-08,3.04767e-08,3.40092e-08,3.75961e-08,77,77,77,77,77,77,77,77,77,77,77,77,77,77,77,77,-999,-999
0.5,217.672,77,0.5,0,1.75186e-07,2.34171e-08,3.76758e-08,5.18987e-08,6.61385e-08,8.05564e-08,9.47282e-08,1.0905e-07,1.23099e-07,1.37367e-07,1.51855e-07,2.34171e-08,3.76758e-08,5.18987e-08,6.61385e-08,8.05564e-08,9.47282e-08,1.0905e-07,1.23099e-07,1.37367e-07,1.51855e-07,77,77,77,77,77,77,77,77,77,77,77,77,77,77,77,77,-999,-999
0.502,217.672,110.46,0.0381647,0,0.000912605,7.38555e-09,7.386e-09,7.38627e-09,7.38564e-09,7.38489e-09,0.000915465,0.00091572,0.00091524,0.000916864,0.00091684,9.14441e-05,0.000172766,0.000253885,0.000335106,0.000417343,0.000498159,0.000579837,0.00065999,0.000741364,0.000823957,77,77,77,77,77,77,77,77,77,77,77,77,77,77,77,77,-999,-999
0.504,217.672,127.146,0.0324699,0,0.000988048,7.38551e-09,7.38593e-09,7.38615e-09,7.38549e-09,7.3847e-09,0.000991144,0.000991421,0.000990901,0.00099266,0.000992633,9.89928e-05,0.000187039,0.000274866,0.000362803,0.000451839,0.000539345,0.000627776,0.000714559,0.000802661,0.000892081,77,77,77,77,77,77,77,77,77.0029,77.0029,77.0029,77.0029,77.0029,77.0029,77.0029,77.0029,-999,-999
0.506,217.672,139.166,0.0294658,0,0.00103138,7.38548e-09,7.38588e-09,7.38609e-09,7.3854e-09,7.3846e-09,0.00103461,0.0010349,0.00103435,0.00103619,0.00103616,0.000103321,0.00019523,0.000286909,0.000378703,0.000471643,0.000563006,0.000655316,0.000745906,0.000837872,0.000931213,77,77,77,77,77,77,77,77,77.0058,77.0058,77.0058,77.0058,77.0058,77.0058,77.0058,77.0058,-999,-999
0.508,217.672,148.779,0.0274746,0,0.00106211,7.38546e-09,7.38585e-09,7.38605e-09,7.38535e-09,7.38453e-09,0.00106544,0.00106573,0.00106517,0.00106707,0.00106704,0.000106384,0.00020103,0.000295441,0.00038997,0.000485677,0.000579799,0.000674858,0.000768149,0.000862855,0.000958974,77,77,77,77,77,77,77,77,77.0088,77.0088,77.0088,77.0088,77.0088,77.0088,77.0088,77.0088,-999,-999
0.51,217.672,156.903,0.026125,0,0.00108448,7.38546e-09,7.38584e-09,7.38603e-09,7.38532e-09,7.3845e-09,0.00108788,0.00108818,0.00108761,0.00108954,0.00108951,0.000108605,0.000205243,0.000301641,0.000398159,0.000495878,0.000592041,0.000689099,0.000784356,0.000881054,0.000979194,77,77,77,77,77,77,77,77,77.0118,77.0118,77.0118,77.0118,77.0118,77.0118,77.0118,77.0118,-999,-999
0.52,217.672,116.218,0.0364185,0,0.000959162,7.38631e-09,7.38676e-09,7.38701e-09,7.38637e-09,7.38561e-09,0.000962168,0.000962436,0.000961931,0.000963639,0.000963613,9.58829e-05,0.000181293,0.000266492,0.000351797,0.000438174,0.000524029,0.000609822,0.00069402,0.000779483,0.00086621,77,77,77,77.0011,77.001,77,77,77,77.0275,77.0275,77.0275,77.0275,77.0275,77.0275,77.0275,77.0275,-999,-999
0.53,217.672,102.214,0.0428897,0,0.000890883,7.38799e-09,7.38848e-09,7.38877e-09,7.38817e-09,7.38746e-09,0.000893674,0.000893923,0.000893454,0.00089504,0.000895016,8.88443e-05,0.000168082,0.000247125,0.000326265,0.000406444,0.000487265,0.000566899,0.00064502,0.000724306,0.000804757,77.0001,77.0001,77.0001,77.0067,77.0065,77.0001,77.0001,77.0001,77.041,77.041,77.041,77.0411,77.0411,77.041,77.041,77.041,-999,-999
0.54,217.672,96.377,0.0463804,0,0.000860684,7.39046e-09,7.39097e-09,7.39128e-09,7.3907e-09,7.39002e-09,0.00086338,0.000863621,0.000863168,0.0008647,0.000864677,8.55929e-05,0.000162034,0.00023829,0.000314639,0.000392075,0.000471342,0.000548249,0.000623621,0.000700109,0.000777714,77.0002,77.0002,77.0002,77.0223,77.0217,77.0002,77.0002,77.0002,77.0535,77.0535,77.0535,77.0538,77.0537,77.0535,77.0535,77.0535,-999,-999
0.55,217.672,93.3814,0.0485191,0,0.000846621,7.39363e-09,7.39415e-09,7.39448e-09,7.39391e-09,7.39324e-09,0.000849273,0.00084951,0.000849064,0.000850571,0.000850548,8.39364e-05,0.00015901,0.000233903,0.000308886,0.000385067,0.000464242,0.000539902,0.000613932,0.000689051,0.00076526,77.0003,77.0003,77.0004,77.0529,77.0516,77.0004,77.0003,77.0003,77.0654,77.0654,77.0654,77.0662,77.0661,77.0654,77.0654,77.0654,-999,-999
0.56,217.672,91.5458,0.0500685,0,0.000839349,7.3974e-09,7.39793e-09,7.39827e-09,7.39772e-09,7.39706e-09,0.000841979,0.000842213,0.000841772,0.000843266,0.000843243,8.29438e-05,0.00015725,0.000231378,0.000305595,0.000381171,0.000460844,0.000535903,0.000609183,0.000683534,0.000758956,77.0005,77.0005,77.0005,77.101,77.0988,77.0005,77.0005,77.0005,77.0771,77.0771,77.0771,77.0788,77.0786,77.0771,77.0771,77.0771,-999,-999
0.57,217.672,90.2575,0.0513155,0,0.000835492,7.4017e-09,7.40224e-09,7.40259e-09,7.40203e-09,7.40139e-09,0.000838109,0.000838342,0.000837903,0.00083939,0.000839367,8.22795e-05,0.000156118,0.000229781,0.000303533,0.00037885,0.000459293,0.000534096,0.000606923,0.000680806,0.000755747,77.0007,77.0007,77.0007,77.1666,77.1633,77.0007,77.0007,77.0007,77.0887,77.0887,77.0887,77.0917,77.0914,77.0887,77.0887,77.0887,-999,-999
0.58,217.672,89.2895,0.106479,0,0.000386793,7.40683e-09,7.40772e-09,7.40842e-09,7.40821e-09,7.40797e-09,0.000388001,0.000388109,0.000387905,0.000388594,0.000388583,3.79387e-05,7.20536e-05,0.000106088,0.000140164,0.00017509,0.000212929,0.000247619,0.00028127,0.000315406,0.000350026,77.0009,77.0009,77.001,77.2475,77.2431,77.001,77.0009,77.0009,77.1001,77.1001,77.1001,77.105,77.1046,77.1001,77.1001,77.1001,-999,-999
0.59,217.672,88.5046,0.163622,0,0.000163285,7.41221e-09,7.41347e-09,7.41453e-09,7.41469e-09,7.41573e-09,0.00016379,0.000163835,0.000163749,0.00016404,0.000164036,1.59564e-05,3.03271e-05,4.46643e-05,5.90192e-05,7.37947e-05,9.00071e-05,0.000104683,0.00011886,0.000133239,0.000147822,77.0011,77.0011,77.0014,77.3406,77.335,77.0013,77.0011,77.0011,77.1048,77.1048,77.1048,77.1122,77.1117,77.1048,77.1048,77.1048,-999,-999
0.6,217.672,87.8396,0.208232,0,7.9559e-05,7.41748e-09,7.41902e-09,7.42036e-09,7.4208e-09,7.44227e-09,7.97999e-05,7.98222e-05,7.97804e-05,7.99209e-05,7.99193e-05,7.74869e-06,1.47351e-05,2.17054e-05,2.86845e-05,3.59016e-05,4.39083e-05,5.10767e-05,5.79696e-05,6.49604e-05,7.20495e-05,77.0013,77.0013,77.0018,77.4421,77.4355,77.0018,77.0013,77.0013,77.1064,77.1064,77.1065,77.1169,77.1164,77.1064,77.1064,77.1064,-999,-999
0.61,217.672,87.2685,0.242869,0,4.42049e-05,7.42243e-09,7.42419e-09,7.42575e-09,7.42641e-09,7.57865e-09,4.43323e-05,4.43448e-05,4.43218e-05,4.43976e-05,4.43977e-05,4.29232e-06,8.16505e-06,1.20289e-05,1.58979e-05,1.99189e-05,2.4423e-05,2.8417e-05,3.22383e-05,3.61135e-05,4.0043e-05,77.0016,77.0016,77.0025,77.5489,77.5413,77.0024,77.0016,77.0016,77.1071,77.1071,77.1071,77.1211,77.1206,77.1071,77.1071,77.1071,-999,-999
0.62,217.672,86.773,0.270083,0,2.73286e-05,7.42964e-09,7.43394e-09,7.43804e-09,7.44128e-09,8.02013e-09,2.74002e-05,2.74083e-05,2.73943e-05,2.74384e-05,2.74397e-05,2.64632e-06,5.03458e-06,7.41742e-06,9.80369e-06,1.22968e-05,1.51134e-05,1.75899e-05,1.99467e-05,2.23366e-05,2.47598e-05,77.0018,77.0018,77.0033,77.658,77.6495,77.0033,77.0018,77.0018,77.1073,77.1073,77.1074,77.1254,77.1248,77.1074,77.1073,77.1073,-999,-999
0.63,217.672,86.3383,0.291808,0,1.838e-05,7.44182e-09,7.45342e-09,7.46481e-09,7.47546e-09,8.97165e-09,1.84209e-05,1.84272e-05,1.84181e-05,1.84449e-05,1.84471e-05,1.77538e-06,3.3774e-06,4.97584e-06,6.57679e-06,8.25873e-06,1.01732e-05,1.18439e-05,1.34252e-05,1.50283e-05,1.66537e-05,77.0021,77.0021,77.0045,77.767,77.7578,77.0044,77.0021,77.0021,77.1073,77.1074,77.1075,77.13,77.1294,77.1075,77.1074,77.1073,-999,-999
0.64,217.672,85.9533,0.309458,0,1.32014e-05,7.46048e-09,7.48549e-09,7.51026e-09,7.53463e-09,1.05478e-08,1.32234e-05,1.32297e-05,1.32234e-05,1.32403e-05,1.32429e-05,1.27231e-06,2.4198e-06,3.56478e-06,4.71176e-06,5.92368e-06,7.31234e-06,8.51622e-06,9.64907e-06,1.07974e-05,1.19617e-05,77.0023,77.0023,77.006,77.8743,77.8645,77.0059,77.0023,77.0023,77.1073,77.1073,77.1075,77.1348,77.1342,77.1075,77.1073,77.1073,-999,-999
0.65,217.672,85.6092,0.32406,0,9.97885e-06,7.48718e-09,7.53309e-09,7.5787e-09,7.62463e-09,1.2753e-08,9.98818e-06,9.99564e-06,9.99111e-06,1.0002e-05,1.00048e-05,9.5983e-07,1.82477e-06,2.68785e-06,3.55265e-06,4.47179e-06,5.53117e-06,6.44424e-06,7.29838e-06,8.164e-06,9.04157e-06,77.0025,77.0025,77.008,77.9784,77.9681,77.0079,77.0025,77.0025,77.1072,77.1072,77.1074,77.14,77.1393,77.1074,77.1072,77.1072,-999,-999
0.66,217.672,85.2994,0.336353,0,7.84995e-06,7.52285e-09,7.59792e-09,7.67261e-09,7.74897e-09,1.55125e-08,7.84993e-06,7.85934e-06,7.85597e-06,7.86317e-06,7.86601e-06,7.5374e-07,1.43219e-06,2.10924e-06,2.78781e-06,3.51336e-06,4.35395e-06,5.07474e-06,5.74495e-06,6.42398e-06,7.11234e-06,77.0028,77.0028,77.0105,78.0785,78.0677,77.0104,77.0028,77.0028,77.107,77.1071,77.1074,77.1454,77.1447,77.1074,77.1071,77.107,-999,-999
0.67,217.672,85.0184,0.346868,0,6.37281e-06,7.56785e-09,7.68065e-09,7.79298e-09,7.90921e-09,1.87176e-08,6.36532e-06,6.37726e-06,6.37472e-06,6.37959e-06,6.38232e-06,6.10973e-07,1.16015e-06,1.70824e-06,2.25774e-06,2.84886e-06,3.53685e-06,4.12411e-06,4.66685e-06,5.21653e-06,5.77373e-06,77.003,77.003,77.0136,78.1738,78.1628,77.0134,77.003,77.003,77.1068,77.1069,77.1074,77.151,77.1503,77.1074,77.1069,77.1068,-999,-999
0.68,217.672,84.7621,0.355988,0,5.30591e-06,7.62216e-09,7.78121e-09,7.93968e-09,8.10555e-09,2.22562e-08,5.29202e-06,5.30692e-06,5.30499e-06,5.30838e-06,5.31095e-06,5.0801e-07,9.63904e-07,1.41892e-06,1.87531e-06,2.36926e-06,2.94649e-06,3.43724e-06,3.888e-06,4.34435e-06,4.80689e-06,77.0033,77.0033,77.0173,78.2641,78.2529,77.0171,77.0033,77.0033,77.1066,77.1067,77.1074,77.1568,77.1561,77.1074,77.1067,77.1066,-999,-999
0.69,217.672,84.527,0.363991,0,4.50945e-06,7.6855e-09,7.89902e-09,8.11184e-09,8.33719e-09,2.60282e-08,4.48983e-06,4.50796e-06,4.5065e-06,4.50894e-06,4.51133e-06,4.31255e-07,8.17564e-07,1.20317e-06,1.59011e-06,2.01148e-06,2.50565e-06,2.9243e-06,3.30648e-06,3.69321e-06,4.08515e-06,77.0035,77.0035,77.0217,78.3492,78.3378,77.0214,77.0035,77.0035,77.1064,77.1066,77.1074,77.1628,77.1621,77.1074,77.1066,77.1064,-999,-999
0.7,217.672,84.3104,0.371086,0,3.89837e-06,7.75737e-09,8.03314e-09,8.30808e-09,8.60274e-09,2.99503e-08,3.87346e-06,3.895e-06,3.89393e-06,3.89576e-06,3.89797e-06,3.72444e-07,7.05405e-07,1.03779e-06,1.37152e-06,1.73716e-06,2.16733e-06,2.53063e-06,2.86024e-06,3.1936e-06,3.53142e-06,77.0037,77.0038,77.0268,78.429,78.4175,77.0264,77.0038,77.0037,77.1061,77.1064,77.1075,77.1689,77.1682,77.1075,77.1064,77.1061,-999,-999
0.71,217.672,84.1098,0.377428,0,3.41864e-06,7.8372e-09,8.18242e-09,8.52671e-09,8.9004e-09,3.39552e-08,3.38876e-06,3.41381e-06,3.41305e-06,3.41449e-06,3.41655e-06,3.26332e-07,6.17441e-07,9.08079e-07,1.20008e-06,1.52195e-06,1.90167e-06,2.22148e-06,2.50989e-06,2.80137e-06,3.09673e-06,77.004,77.004,77.0326,78.5036,78.492,77.0322,77.004,77.004,77.1059,77.1062,77.1077,77.175,77.1744,77.1076,77.1062,77.1059,-999,-999
0.72,217.672,83.9235,0.383139,0,3.03464e-06,7.9243e-09,8.3456e-09,8.76586e-09,9.22818e-09,3.79897e-08,3.00001e-06,3.0286e-06,3.02813e-06,3.02933e-06,3.03126e-06,2.89464e-07,5.47092e-07,8.04336e-07,1.06297e-06,1.34978e-06,1.68896e-06,1.97395e-06,2.2294e-06,2.4874e-06,2.74878e-06,77.0042,77.0043,77.0391,78.573,78.5615,77.0387,77.0043,77.0042,77.1056,77.106,77.1079,77.1813,77.1806,77.1078,77.106,77.1056,-999,-999
0.74,217.672,83.5972,0.392774,0,2.47758e-06,8.11178e-09,8.69749e-09,9.28212e-09,9.94443e-09,4.56034e-08,2.43445e-06,2.4697e-06,2.46969e-06,2.4707e-06,2.47245e-06,2.36031e-07,4.45101e-07,6.5392e-07,8.64234e-07,1.10022e-06,1.38032e-06,1.61482e-06,1.82254e-06,2.03197e-06,2.24409e-06,77.0047,77.0049,77.055,78.6933,78.6819,77.0544,77.0049,77.0047,77.1051,77.1056,77.1085,77.194,77.1933,77.1084,77.1056,77.1051,-999,-999
0.76,217.672,83.3075,0.40092,0,2.08348e-06,8.32029e-09,9.08943e-09,9.85777e-09,1.07561e-08,5.30157e-08,2.03241e-06,2.0741e-06,2.0745e-06,2.07551e-06,2.07717e-06,1.98302e-07,3.7305e-07,5.47649e-07,7.23864e-07,9.23836e-07,1.16187e-06,1.3606e-06,1.53464e-06,1.70975e-06,1.88705e-06,77.0051,77.0057,77.0736,78.7966,78.7854,77.0728,77.0057,77.0051,77.1045,77.1052,77.1095,77.2066,77.2059,77.1094,77.1052,77.1045,-999,-999
0.78,217.672,83.0484,0.407904,0,1.79377e-06,8.54514e-09,9.51251e-09,1.04799e-08,1.16491e-08,6.00852e-08,1.73531e-06,1.78305e-06,1.78385e-06,1.78496e-06,1.78661e-06,1.70611e-07,3.20146e-07,4.69611e-07,6.20823e-07,7.94296e-07,1.00121e-06,1.17362e-06,1.32297e-06,1.47287e-06,1.62459e-06,77.0056,77.0065,77.0944,78.8848,78.8739,77.0935,77.0065,77.0056,77.1038,77.1048,77.1108,77.2192,77.2185,77.1106,77.1048,77.1038,-999,-999
0.8,217.672,82.8147,0.413962,0,1.57405e-06,8.78212e-09,9.95875e-09,1.1137e-08,1.26108e-08,6.67271e-08,1.50873e-06,1.56208e-06,1.56327e-06,1.56454e-06,1.56625e-06,1.49635e-07,2.80056e-07,4.10474e-07,5.42774e-07,6.96133e-07,8.79321e-07,1.03175e-06,1.16242e-06,1.29322e-06,1.42555e-06,77.0061,77.0076,77.1173,78.9598,78.9491,77.1162,77.0076,77.0061,77.1032,77.1044,77.1124,77.2316,77.2309,77.1122,77.1044,77.1032,-999,-999
0.82,217.672,82.6028,0.419268,0,1.40305e-06,9.02762e-09,1.04213e-08,1.18194e-08,1.36302e-08,7.28977e-08,1.33142e-06,1.38987e-06,1.39146e-06,1.39292e-06,1.39472e-06,1.33326e-07,2.48873e-07,3.64475e-07,4.82098e-07,6.19794e-07,7.84425e-07,9.21295e-07,1.03748e-06,1.15341e-06,1.27065e-06,77.0066,77.0089,77.1419,79.023,79.0127,77.1406,77.0089,77.0066,77.1025,77.1041,77.1143,77.2438,77.2431,77.1141,77.1041,77.1025,-999,-999
0.84,217.672,82.4094,0.423957,0,1.26705e-06,9.27859e-09,1.08944e-08,1.25188e-08,1.46979e-08,7.85825e-08,1.18964e-06,1.25268e-06,1.25468e-06,1.25634e-06,1.25828e-06,1.20364e-07,2.2408e-07,3.27903e-07,4.33888e-07,5.59122e-07,7.08929e-07,8.33419e-07,9.38107e-07,1.04223e-06,1.14746e-06,77.0071,77.0104,77.1677,79.0761,79.0661,77.1663,77.0104,77.007,77.1018,77.1038,77.1165,77.2558,77.2551,77.1163,77.1038,77.1018,-999,-999
0.86,217.672,82.232,0.428131,0,1.15687e-06,9.53252e-09,1.13734e-08,1.32286e-08,1.58058e-08,8.37874e-08,1.07419e-06,1.14131e-06,1.14374e-06,1.14562e-06,1.14772e-06,1.09867e-07,2.03995e-07,2.98279e-07,3.94865e-07,5.10001e-07,6.47749e-07,7.62209e-07,8.57615e-07,9.52172e-07,1.04767e-06,77.0075,77.0123,77.1946,79.1203,79.1106,77.1931,77.0122,77.0075,77.101,77.1035,77.119,77.2676,77.2669,77.1188,77.1035,77.101,-999,-999
0.88,217.672,82.0686,0.431871,0,1.0662e-06,9.78737e-09,1.18543e-08,1.39435e-08,1.69469e-08,8.85316e-08,9.78708e-07,1.04943e-06,1.0523e-06,1.05442e-06,1.0567e-06,1.01228e-07,1.87461e-07,2.73894e-07,3.62771e-07,4.69595e-07,5.97381e-07,7.03586e-07,7.91379e-07,8.78062e-07,9.65555e-07,77.008,77.0144,77.2222,79.1568,79.1474,77.2205,77.0143,77.008,77.1003,77.1032,77.1218,77.2791,77.2784,77.1216,77.1032,77.1003,-999,-999
0.9,217.672,81.9173,0.435243,0,9.90536e-07,1.00415e-08,1.23341e-08,1.46593e-08,1.81154e-08,9.28422e-08,8.98686e-07,9.72555e-07,9.75897e-07,9.78249e-07,9.80711e-07,9.40183e-08,1.73657e-07,2.5354e-07,3.36008e-07,4.35897e-07,5.55342e-07,6.54659e-07,7.36123e-07,8.16237e-07,8.9704e-07,77.0085,77.0169,77.2503,79.1865,79.1775,77.2484,77.0168,77.0085,77.0996,77.1031,77.1249,77.2903,77.2896,77.1247,77.103,77.0996,-999,-999
0.92,217.672,81.7769,0.438298,0,9.2664e-07,1.02936e-08,1.28105e-08,1.53728e-08,1.93062e-08,9.67503e-08,8.3084e-07,9.07439e-07,9.11268e-07,9.13855e-07,9.16515e-07,8.79268e-08,1.61991e-07,2.36344e-07,3.13418e-07,4.07453e-07,5.19831e-07,6.13333e-07,6.89472e-07,7.64038e-07,8.39186e-07,77.009,77.0197,77.2785,79.2103,79.2017,77.2766,77.0196,77.009,77.0988,77.1029,77.1283,77.3012,77.3005,77.128,77.1029,77.0988,-999,-999
0.94,217.672,81.646,0.441079,0,8.72107e-07,1.05427e-08,1.32814e-08,1.60814e-08,2.05147e-08,1.00289e-07,7.72731e-07,8.51676e-07,8.56011e-07,8.58835e-07,8.61697e-07,8.27241e-08,1.52024e-07,2.21657e-07,2.94146e-07,3.83187e-07,4.89516e-07,5.78056e-07,6.49669e-07,7.19501e-07,7.89816e-07,77.0096,77.023,77.3068,79.2291,79.2207,77.3048,77.0228,77.0096,77.098,77.1028,77.1319,77.3119,77.3112,77.1316,77.1028,77.098,-999,-999
0.96,217.672,81.5235,0.443622,0,8.25126e-07,1.07881e-08,1.37456e-08,1.67833e-08,2.17371e-08,1.03491e-07,7.22513e-07,8.03458e-07,8.08317e-07,8.11378e-07,8.14444e-07,7.82376e-08,1.43428e-07,2.08993e-07,2.77549e-07,3.6229e-07,4.63392e-07,5.47661e-07,6.15391e-07,6.81144e-07,7.47289e-07,77.0101,77.0265,77.3349,79.2434,79.2354,77.3328,77.0264,77.0101,77.0973,77.1028,77.1357,77.3223,77.3216,77.1353,77.1028,77.0973,-999,-999
0.98,217.672,81.4087,0.445957,0,7.84311e-07,1.1029e-08,1.42019e-08,1.74772e-08,2.29699e-08,1.06388e-07,6.78769e-07,7.614e-07,7.668e-07,7.70097e-07,7.73369e-07,7.43352e-08,1.35949e-07,1.97981e-07,2.63135e-07,3.44142e-07,4.40691e-07,5.21252e-07,5.85624e-07,6.47833e-07,7.10349e-07,77.0107,77.0305,77.3627,79.2538,79.2461,77.3604,77.0303,77.0107,77.0965,77.1029,77.1397,77.3324,77.3317,77.1393,77.1028,77.0965,-999,-999
1,217.672,81.3008,0.448107,0,7.48585e-07,1.12651e-08,1.46495e-08,1.81621e-08,2.42098e-08,1.09009e-07,6.40393e-07,7.24427e-07,7.30382e-07,7.33916e-07,7.37392e-07,7.09144e-08,1.29391e-07,1.88332e-07,2.50521e-07,3.28263e-07,4.20816e-07,4.98134e-07,5.59579e-07,6.18687e-07,6.78022e-07,77.0113,77.0348,77.39,79.2609,79.2535,77.3877,77.0346,77.0113,77.0958,77.103,77.1438,77.3422,77.3415,77.1435,77.1029,77.0958,-999,-999
1.01,217.672,81.2484,0.449133,0,7.32154e-07,1.13827e-08,1.48726e-08,1.85047e-08,2.48386e-08,1.10262e-07,6.22694e-07,7.07365e-07,7.13606e-07,7.17259e-07,7.20838e-07,6.93405e-08,1.26374e-07,1.83892e-07,2.44722e-07,3.20962e-07,4.11674e-07,4.875e-07,5.47603e-07,6.05284e-07,6.63155e-07,77.0116,77.0371,77.4035,79.2636,79.2563,77.4012,77.0369,77.0116,77.0954,77.1031,77.146,77.347,77.3463,77.1456,77.103,77.0954,-999,-999
1.03,217.672,81.1497,0.451045,0,7.0256e-07,1.1611e-08,1.53063e-08,1.91747e-08,2.60839e-08,1.12515e-07,5.90819e-07,6.76522e-07,6.83337e-07,6.87227e-07,6.91007e-07,6.64995e-08,1.20927e-07,1.75884e-07,2.34276e-07,3.07815e-07,3.95205e-07,4.68348e-07,5.26045e-07,5.81158e-07,6.36384e-07,77.0123,77.042,77.43,79.2664,79.2594,77.4276,77.0417,77.0123,77.0947,77.1033,77.1504,77.3564,77.3558,77.15,77.1033,77.0947,-999,-999
1.05,217.672,81.0563,0.45282,0,6.76242e-07,1.1834e-08,1.57304e-08,1.98345e-08,2.73298e-08,1.14558e-07,5.62433e-07,6.48956e-07,6.56355e-07,6.6048e-07,6.6446e-07,6.3968e-08,1.16073e-07,1.68753e-07,2.24988e-07,2.96127e-07,3.80555e-07,4.51315e-07,5.06884e-07,5.59712e-07,6.12582e-07,77.013,77.0472,77.4559,79.2668,79.26,77.4534,77.0469,77.013,77.094,77.1036,77.155,77.3656,77.3649,77.1546,77.1036,77.094,-999,-999
1.07,217.672,80.9678,0.454474,0,6.52712e-07,1.20515e-08,1.61448e-08,2.04842e-08,2.8574e-08,1.16411e-07,5.37025e-07,6.24181e-07,6.32172e-07,6.36532e-07,6.40707e-07,6.16998e-08,1.11723e-07,1.62368e-07,2.16686e-07,2.8568e-07,3.67454e-07,4.36085e-07,4.89762e-07,5.40549e-07,5.91307e-07,77.0137,77.0527,77.481,79.265,79.2585,77.4785,77.0524,77.0137,77.0932,77.104,77.1597,77.3745,77.3738,77.1593,77.104,77.0932,-999,-999
1.09,217.672,80.8838,0.456017,0,6.31572e-07,1.22636e-08,1.65496e-08,2.11236e-08,2.98147e-08,1.18093e-07,5.14179e-07,6.01801e-07,6.10389e-07,6.14984e-07,6.19352e-07,5.96572e-08,1.07805e-07,1.56623e-07,2.09227e-07,2.76298e-07,3.55681e-07,4.22401e-07,4.74387e-07,5.23341e-07,5.72198e-07,77.0146,77.0585,77.5053,79.2615,79.2553,77.5028,77.0582,77.0145,77.0926,77.1045,77.1644,77.3832,77.3825,77.164,77.1044,77.0926,-999,-999
1.11,217.672,80.8039,0.457461,0,6.12494e-07,1.24703e-08,1.69448e-08,2.17529e-08,3.10499e-08,1.19622e-07,4.9355e-07,5.81488e-07,5.9068e-07,5.95508e-07,6.00065e-07,5.78093e-08,1.04261e-07,1.51431e-07,2.02498e-07,2.67833e-07,3.45054e-07,4.10051e-07,4.60521e-07,5.07822e-07,5.54957e-07,77.0154,77.0647,77.5289,79.2564,79.2504,77.5263,77.0643,77.0154,77.0919,77.1051,77.1693,77.3916,77.3909,77.1689,77.105,77.0919,-999,-999
1.13,217.672,80.7278,0.458816,0,5.95206e-07,1.26716e-08,1.73306e-08,2.23724e-08,3.2278e-08,1.21014e-07,4.74848e-07,5.62973e-07,5.7277e-07,5.77831e-07,5.82574e-07,5.61302e-08,1.01041e-07,1.46718e-07,1.964e-07,2.60165e-07,3.35422e-07,3.98859e-07,4.47963e-07,4.93766e-07,5.39338e-07,77.0163,77.0711,77.5516,79.25,79.2441,77.549,77.0707,77.0163,77.0912,77.1058,77.1743,77.3998,77.3991,77.1739,77.1057,77.0912,-999,-999
1.15,217.672,80.6552,0.460089,0,5.7948e-07,1.28677e-08,1.77073e-08,2.29821e-08,3.34975e-08,1.22283e-07,4.57834e-07,5.46029e-07,5.56431e-07,5.61726e-07,5.6665e-07,5.45984e-08,9.81041e-08,1.42425e-07,1.90854e-07,2.53192e-07,3.26658e-07,3.88678e-07,4.36546e-07,4.80989e-07,5.25135e-07,77.0173,77.0777,77.5735,79.2423,79.2367,77.5709,77.0773,77.0173,77.0906,77.1065,77.1793,77.4078,77.4071,77.1789,77.1064,77.0906,-999,-999
1.17,217.672,80.5858,0.461288,0,5.65124e-07,1.30586e-08,1.8075e-08,2.35825e-08,3.4707e-08,1.2344e-07,4.42301e-07,5.30465e-07,5.41473e-07,5.47e-07,5.52102e-07,5.31959e-08,9.54151e-08,1.38499e-07,1.85793e-07,2.46829e-07,3.18655e-07,3.79382e-07,4.26131e-07,4.69333e-07,5.12174e-07,77.0184,77.0845,77.5946,79.2336,79.2282,77.5919,77.0841,77.0183,77.09,77.1073,77.1844,77.4155,77.4149,77.184,77.1072,77.09,-999,-999
1.19,217.672,80.5195,0.462419,0,5.51976e-07,1.32444e-08,1.84341e-08,2.41738e-08,3.59054e-08,1.24497e-07,4.28078e-07,5.1612e-07,5.27731e-07,5.3349e-07,5.38768e-07,5.19074e-08,9.29451e-08,1.34897e-07,1.81158e-07,2.41003e-07,3.11323e-07,3.70868e-07,4.16597e-07,4.58664e-07,5.00307e-07,77.0195,77.0916,77.6148,79.224,79.2188,77.6121,77.0911,77.0194,77.0894,77.1082,77.1896,77.4231,77.4224,77.1891,77.1081,77.0894,-999,-999
1.21,217.672,80.4559,0.463488,0,5.39896e-07,1.34254e-08,1.87848e-08,2.47563e-08,3.70915e-08,1.25463e-07,4.15014e-07,5.02856e-07,5.15068e-07,5.21058e-07,5.26507e-07,5.07198e-08,9.06692e-08,1.31584e-07,1.76901e-07,2.35652e-07,3.04586e-07,3.63045e-07,4.07845e-07,4.4887e-07,4.89409e-07,77.0207,77.0988,77.6342,79.2137,79.2086,77.6315,77.0983,77.0206,77.0888,77.1093,77.1947,77.4304,77.4298,77.1943,77.1091,77.0888,-999,-999
1.23,217.672,80.395,0.4645,0,5.28767e-07,1.36017e-08,1.91274e-08,2.53303e-08,3.82644e-08,1.26348e-07,4.02984e-07,4.90556e-07,5.03363e-07,5.09585e-07,5.15202e-07,4.9622e-08,8.85659e-08,1.28526e-07,1.7298e-07,2.30724e-07,2.98377e-07,3.55837e-07,3.99785e-07,4.39853e-07,4.79371e-07,77.0219,77.1062,77.6528,79.2027,79.1977,77.6501,77.1057,77.0219,77.0883,77.1103,77.1999,77.4376,77.4369,77.1994,77.1102,77.0883,-999,-999
1.25,217.672,80.3365,0.46546,0,5.18487e-07,1.37734e-08,1.94624e-08,2.58961e-08,3.94233e-08,1.27159e-07,3.91876e-07,4.79119e-07,4.92515e-07,4.98967e-07,5.0475e-07,4.86043e-08,8.66169e-08,1.25696e-07,1.69359e-07,2.26174e-07,2.9264e-07,3.49176e-07,3.92345e-07,4.3153e-07,4.70103e-07,77.0233,77.1137,77.6706,79.1911,79.1863,77.6679,77.1131,77.0232,77.0878,77.1115,77.2051,77.4445,77.4439,77.2046,77.1114,77.0878,-999,-999
1.27,217.672,80.2803,0.466371,0,5.08966e-07,1.39406e-08,1.97899e-08,2.6454e-08,4.05674e-08,1.27904e-07,3.81596e-07,4.68455e-07,4.82435e-07,4.89117e-07,4.95062e-07,4.76585e-08,8.48063e-08,1.23072e-07,1.66007e-07,2.21962e-07,2.87325e-07,3.43007e-07,3.85458e-07,4.23827e-07,4.61522e-07,77.0247,77.1214,77.6876,79.179,79.1744,77.6849,77.1207,77.0246,77.0874,77.1128,77.2104,77.4513,77.4507,77.2099,77.1126,77.0873,-999,-999
1.29,217.672,80.2262,0.467238,0,5.00127e-07,1.41037e-08,2.01102e-08,2.70044e-08,4.16961e-08,1.28588e-07,3.72059e-07,4.5849e-07,4.73045e-07,4.79957e-07,4.86061e-07,4.67773e-08,8.31202e-08,1.20633e-07,1.62896e-07,2.18053e-07,2.82389e-07,3.37279e-07,3.79069e-07,4.16681e-07,4.53561e-07,77.0262,77.1291,77.7039,79.1665,79.162,77.7012,77.1284,77.0261,77.0869,77.1141,77.2156,77.4579,77.4573,77.2151,77.1139,77.0869,-999,-999
1.31,217.672,80.1741,0.468064,0,4.91905e-07,1.42626e-08,2.04238e-08,2.75475e-08,4.28089e-08,1.29218e-07,3.63193e-07,4.49156e-07,4.64277e-07,4.71419e-07,4.7768e-07,4.59544e-08,8.15465e-08,1.1836e-07,1.60004e-07,2.14418e-07,2.77795e-07,3.31948e-07,3.73128e-07,4.10039e-07,4.46156e-07,77.0278,77.1369,77.7193,79.1536,79.1493,77.7166,77.1362,77.0277,77.0865,77.1155,77.2208,77.4643,77.4637,77.2203,77.1153,77.0865,-999,-999
1.33,217.672,80.1239,0.468851,0,4.84238e-07,1.44176e-08,2.07309e-08,2.80835e-08,4.39053e-08,1.29798e-07,3.54934e-07,4.40396e-07,4.56074e-07,4.63444e-07,4.69859e-07,4.51843e-08,8.00748e-08,1.16238e-07,1.57308e-07,2.1103e-07,2.73511e-07,3.26977e-07,3.67592e-07,4.03851e-07,4.39256e-07,77.0294,77.1447,77.7341,79.1405,79.1363,77.7314,77.1441,77.0293,77.0862,77.117,77.226,77.4706,77.4699,77.2255,77.1168,77.0861,-999,-999
1.35,217.672,80.0755,0.469603,0,4.77077e-07,1.45688e-08,2.10318e-08,2.86127e-08,4.49849e-08,1.30332e-07,3.47226e-07,4.32156e-07,4.48382e-07,4.5598e-07,4.62547e-07,4.44622e-08,7.86956e-08,1.14253e-07,1.54792e-07,2.07867e-07,2.69508e-07,3.22332e-07,3.62423e-07,3.98074e-07,4.32813e-07,77.0312,77.1526,77.7481,79.1271,79.123,77.7455,77.1519,77.0311,77.0858,77.1185,77.2312,77.4767,77.476,77.2307,77.1183,77.0858,-999,-999
1.37,217.672,80.0288,0.470322,0,4.70375e-07,1.47163e-08,2.13267e-08,2.91354e-08,4.60476e-08,1.30825e-07,3.40019e-07,4.24393e-07,4.41156e-07,4.48982e-07,4.55698e-07,4.37837e-08,7.74009e-08,1.12394e-07,1.52439e-07,2.04909e-07,2.65759e-07,3.17982e-07,3.57588e-07,3.92672e-07,4.26785e-07,77.033,77.1606,77.7615,79.1135,79.1096,77.7588,77.1598,77.0329,77.0856,77.1201,77.2364,77.4826,77.482,77.2359,77.1199,77.0855,-999,-999
1.39,217.672,79.9837,0.471009,0,4.64091e-07,1.48604e-08,2.1616e-08,2.96518e-08,4.70929e-08,1.31281e-07,3.33268e-07,4.17065e-07,4.34355e-07,4.42407e-07,4.4927e-07,4.31451e-08,7.61832e-08,1.10648e-07,1.50234e-07,2.02136e-07,2.62243e-07,3.13903e-07,3.53056e-07,3.87611e-07,4.21137e-07,77.0349,77.1685,77.7742,79.0998,79.0959,77.7716,77.1677,77.0347,77.0853,77.1218,77.2416,77.4884,77.4878,77.241,77.1216,77.0853,-999,-999
1.41,217.672,79.94,0.471668,0,4.58189e-07,1.50012e-08,2.19e-08,3.0162e-08,4.81208e-08,1.31703e-07,3.26935e-07,4.10138e-07,4.27942e-07,4.36221e-07,4.43229e-07,4.2543e-08,7.50362e-08,1.09007e-07,1.48166e-07,1.99534e-07,2.5894e-07,3.1007e-07,3.48802e-07,3.82861e-07,4.15834e-07,77.0368,77.1764,77.7863,79.0859,79.0822,77.7836,77.1756,77.0367,77.0851,77.1235,77.2467,77.494,77.4934,77.2462,77.1233,77.0851,-999,-999
1.43,217.672,79.8978,0.4723,0,4.52638e-07,1.51387e-08,2.21788e-08,3.06663e-08,4.91311e-08,1.32093e-07,3.20983e-07,4.03578e-07,4.21886e-07,4.3039e-07,4.37541e-07,4.19745e-08,7.3954e-08,1.07462e-07,1.46221e-07,1.97088e-07,2.55831e-07,3.06463e-07,3.44803e-07,3.78397e-07,4.10848e-07,77.0389,77.1843,77.7977,79.0719,79.0683,77.7951,77.1835,77.0387,77.0849,77.1253,77.2518,77.4995,77.4989,77.2513,77.1251,77.0849,-999,-999
1.45,217.672,79.8569,0.472907,0,4.47409e-07,1.52733e-08,2.24527e-08,3.11648e-08,5.01239e-08,1.32455e-07,3.15382e-07,3.97357e-07,4.16157e-07,4.24885e-07,4.32177e-07,4.14368e-08,7.29316e-08,1.06006e-07,1.44392e-07,1.94784e-07,2.52901e-07,3.03063e-07,3.41036e-07,3.74194e-07,4.06154e-07,77.041,77.1922,77.8086,79.0579,79.0544,77.806,77.1914,77.0408,77.0848,77.1272,77.2569,77.5048,77.5042,77.2563,77.127,77.0847,-999,-999
1.47,217.672,79.8172,0.47349,0,4.42475e-07,1.54048e-08,2.27219e-08,3.16577e-08,5.10989e-08,1.3279e-07,3.10104e-07,3.91449e-07,4.10729e-07,4.19681e-07,4.27113e-07,4.09275e-08,7.19643e-08,1.04631e-07,1.42668e-07,1.92613e-07,2.50136e-07,2.99853e-07,3.37483e-07,3.70232e-07,4.01727e-07,77.0431,77.2001,77.8188,79.0439,79.0405,77.8163,77.1992,77.043,77.0847,77.1291,77.2619,77.5101,77.5095,77.2614,77.1289,77.0847,-999,-999
1.49,217.672,79.7788,0.47405,0,4.37814e-07,1.55336e-08,2.29867e-08,3.21452e-08,5.20564e-08,1.33102e-07,3.05123e-07,3.85832e-07,4.0558e-07,4.14754e-07,4.22324e-07,4.04445e-08,7.10479e-08,1.03331e-07,1.4104e-07,1.90562e-07,2.47522e-07,2.96819e-07,3.34127e-07,3.66491e-07,3.97546e-07,77.0454,77.2079,77.8286,79.0298,79.0265,77.826,77.207,77.0452,77.0846,77.1311,77.2669,77.5151,77.5145,77.2663,77.1309,77.0846,-999,-999
1.51,217.672,79.7416,0.47459,0,4.33405e-07,1.56597e-08,2.32473e-08,3.26274e-08,5.29962e-08,1.33391e-07,3.00416e-07,3.80484e-07,4.00688e-07,4.10084e-07,4.17789e-07,3.99858e-08,7.01788e-08,1.02101e-07,1.39503e-07,1.88624e-07,2.45048e-07,2.93947e-07,3.30953e-07,3.62955e-07,3.93593e-07,77.0477,77.2156,77.8378,79.0158,79.0125,77.8352,77.2147,77.0475,77.0846,77.1331,77.2718,77.5201,77.5195,77.2713,77.1329,77.0846,-999,-999
1.53,217.672,79.7054,0.47511,0,4.29229e-07,1.57832e-08,2.35038e-08,3.31044e-08,5.39186e-08,1.3366e-07,2.95963e-07,3.75387e-07,3.96034e-07,4.0565e-07,4.1349e-07,3.95497e-08,6.93534e-08,1.00935e-07,1.38049e-07,1.8679e-07,2.42703e-07,2.91225e-07,3.27948e-07,3.59608e-07,3.89851e-07,77.05,77.2233,77.8465,79.0017,78.9986,77.8439,77.2224,77.0498,77.0847,77.1352,77.2767,77.5249,77.5243,77.2762,77.1349,77.0846,-999,-999
1.55,217.672,79.6703,0.475611,0,4.25269e-07,1.59043e-08,2.37565e-08,3.35763e-08,5.48236e-08,1.3391e-07,2.91745e-07,3.70523e-07,3.91601e-07,4.01436e-07,4.09409e-07,3.91346e-08,6.85688e-08,9.98295e-08,1.36673e-07,1.85052e-07,2.40478e-07,2.88642e-07,3.25098e-07,3.56436e-07,3.86304e-07,77.0524,77.2309,77.8547,78.9877,78.9847,77.8522,77.23,77.0522,77.0847,77.1373,77.2816,77.5296,77.5291,77.281,77.137,77.0847,-999,-999
1.57,217.672,79.6362,0.476095,0,4.21509e-07,1.6023e-08,2.40054e-08,3.40433e-08,5.57114e-08,1.34143e-07,2.87745e-07,3.65876e-07,3.87374e-07,3.97427e-07,4.05532e-07,3.87391e-08,6.78222e-08,9.87799e-08,1.35368e-07,1.83403e-07,2.38365e-07,2.86187e-07,3.22392e-07,3.53426e-07,3.82937e-07,77.0549,77.2384,77.8624,78.9738,78.9708,77.8599,77.2375,77.0547,77.0848,77.1394,77.2864,77.5342,77.5337,77.2858,77.1392,77.0848,-999,-999
1.59,217.672,79.6031,0.476562,0,4.17936e-07,1.61395e-08,2.42509e-08,3.45054e-08,5.65821e-08,1.34361e-07,2.83947e-07,3.61433e-07,3.83338e-07,3.93607e-07,4.01842e-07,3.83618e-08,6.71111e-08,9.77824e-08,1.3413e-07,1.81837e-07,2.36355e-07,2.83852e-07,3.19821e-07,3.50567e-07,3.79739e-07,77.0574,77.2458,77.8697,78.9599,78.957,77.8673,77.2449,77.0572,77.085,77.1416,77.2912,77.5387,77.5381,77.2906,77.1414,77.0849,-999,-999
1.61,217.672,79.5708,0.477013,0,4.14536e-07,1.62539e-08,2.44929e-08,3.49627e-08,5.74359e-08,1.34563e-07,2.80338e-07,3.57181e-07,3.7948e-07,3.89965e-07,3.98329e-07,3.80015e-08,6.6433e-08,9.68335e-08,1.32954e-07,1.80348e-07,2.34441e-07,2.81628e-07,3.17374e-07,3.47848e-07,3.76698e-07,77.06,77.2532,77.8766,78.9461,78.9432,77.8741,77.2522,77.0598,77.0852,77.1439,77.2959,77.5431,77.5425,77.2953,77.1436,77.0851,-999,-999
1.63,217.672,79.5394,0.47745,0,4.11298e-07,1.63662e-08,2.47318e-08,3.54153e-08,5.8273e-08,1.34752e-07,2.76905e-07,3.53106e-07,3.75789e-07,3.86487e-07,3.94979e-07,3.76572e-08,6.5786e-08,9.59302e-08,1.31836e-07,1.78932e-07,2.32617e-07,2.79508e-07,3.15043e-07,3.4526e-07,3.73803e-07,77.0626,77.2604,77.883,78.9323,78.9296,77.8806,77.2595,77.0624,77.0854,77.1461,77.3005,77.5473,77.5468,77.3,77.1458,77.0853,-999,-999
1.65,217.672,79.5089,0.477872,0,4.08211e-07,1.64765e-08,2.49675e-08,3.58633e-08,5.90937e-08,1.34929e-07,2.73635e-07,3.49199e-07,3.72254e-07,3.83164e-07,3.91783e-07,3.73278e-08,6.5168e-08,9.50694e-08,1.30772e-07,1.77582e-07,2.30877e-07,2.77484e-07,3.12821e-07,3.42794e-07,3.71043e-07,77.0653,77.2676,77.8891,78.9187,78.916,77.8867,77.2666,77.0651,77.0857,77.1484,77.3052,77.5515,77.5509,77.3046,77.1481,77.0856,-999,-999
1.67,217.672,79.4792,0.478281,0,4.05266e-07,1.65849e-08,2.52003e-08,3.63068e-08,5.98981e-08,1.35093e-07,2.70519e-07,3.4545e-07,3.68864e-07,3.79984e-07,3.88729e-07,3.70125e-08,6.45774e-08,9.42487e-08,1.2976e-07,1.76296e-07,2.29216e-07,2.75552e-07,3.10699e-07,3.40442e-07,3.68411e-07,77.068,77.2746,77.8947,78.9051,78.9025,77.8924,77.2736,77.0678,77.086,77.1507,77.3097,77.5556,77.555,77.3091,77.1505,77.0859,-999,-999
1.69,217.672,79.4502,0.478677,0,4.02452e-07,1.66916e-08,2.54302e-08,3.67457e-08,6.06865e-08,1.35248e-07,2.67546e-07,3.41849e-07,3.65611e-07,3.7694e-07,3.8581e-07,3.67104e-08,6.40124e-08,9.34654e-08,1.28795e-07,1.75069e-07,2.27628e-07,2.73703e-07,3.08673e-07,3.38196e-07,3.65899e-07,77.0707,77.2815,77.9001,78.8917,78.8891,77.8977,77.2806,77.0705,77.0863,77.1531,77.3142,77.5595,77.559,77.3136,77.1528,77.0862,-999,-999
1.71,217.672,79.422,0.479061,0,3.99763e-07,1.67965e-08,2.56574e-08,3.71803e-08,6.14592e-08,1.35392e-07,2.64707e-07,3.38387e-07,3.62487e-07,3.74023e-07,3.83016e-07,3.64207e-08,6.34716e-08,9.27174e-08,1.27874e-07,1.73897e-07,2.26109e-07,2.71934e-07,3.06735e-07,3.3605e-07,3.63497e-07,77.0735,77.2884,77.905,78.8783,78.8759,77.9027,77.2874,77.0733,77.0867,77.1555,77.3187,77.5634,77.5628,77.3181,77.1552,77.0866,-999,-999
1.73,217.672,79.3945,0.479433,0,3.9719e-07,1.68998e-08,2.5882e-08,3.76104e-08,6.22164e-08,1.35526e-07,2.61994e-07,3.35058e-07,3.59483e-07,3.71225e-07,3.8034e-07,3.61428e-08,6.29535e-08,9.20027e-08,1.26996e-07,1.72776e-07,2.24654e-07,2.7024e-07,3.0488e-07,3.33997e-07,3.61201e-07,77.0763,77.2951,77.9097,78.8651,78.8627,77.9074,77.2941,77.0761,77.0871,77.1579,77.3231,77.5671,77.5666,77.3225,77.1576,77.087,-999,-999
1.75,217.672,79.3676,0.479795,0,3.94726e-07,1.70015e-08,2.61041e-08,3.80363e-08,6.29584e-08,1.35653e-07,2.59399e-07,3.31852e-07,3.56593e-07,3.68538e-07,3.77775e-07,3.58759e-08,6.2457e-08,9.13192e-08,1.26157e-07,1.71705e-07,2.2326e-07,2.68615e-07,3.03102e-07,3.32032e-07,3.59002e-07,77.0792,77.3017,77.914,78.852,78.8496,77.9118,77.3007,77.0789,77.0876,77.1603,77.3274,77.5708,77.5703,77.3268,77.16,77.0875,-999,-999
1.77,217.672,79.3415,0.480146,0,3.92365e-07,1.71017e-08,2.63237e-08,3.84578e-08,6.36853e-08,1.35771e-07,2.56915e-07,3.28765e-07,3.5381e-07,3.65957e-07,3.75315e-07,3.56195e-08,6.19807e-08,9.06653e-08,1.25355e-07,1.70679e-07,2.21923e-07,2.67056e-07,3.01398e-07,3.3015e-07,3.56897e-07,77.082,77.3082,77.918,78.839,78.8367,77.9158,77.3071,77.0817,77.0881,77.1627,77.3317,77.5744,77.5739,77.3311,77.1624,77.088,-999,-999
1.79,217.672,79.3159,0.480487,0,3.90101e-07,1.72004e-08,2.65409e-08,3.88751e-08,6.43976e-08,1.35881e-07,2.54535e-07,3.25789e-07,3.51128e-07,3.63475e-07,3.72952e-07,3.53729e-08,6.15237e-08,9.00392e-08,1.24588e-07,1.69696e-07,2.20639e-07,2.65558e-07,2.99763e-07,3.28345e-07,3.54878e-07,77.0849,77.3145,77.9217,78.8261,78.8239,77.9196,77.3135,77.0846,77.0886,77.1652,77.3359,77.5779,77.5774,77.3353,77.1649,77.0885,-999,-999
1.81,217.672,79.2909,0.480818,0,3.87928e-07,1.72978e-08,2.67559e-08,3.92882e-08,6.50955e-08,1.35985e-07,2.52254e-07,3.22918e-07,3.48541e-07,3.61086e-07,3.70682e-07,3.51357e-08,6.10849e-08,8.94395e-08,1.23855e-07,1.68754e-07,2.19407e-07,2.64119e-07,2.98192e-07,3.26613e-07,3.5294e-07,77.0878,77.3208,77.9252,78.8134,78.8112,77.9231,77.3197,77.0875,77.0892,77.1677,77.3401,77.5813,77.5808,77.3395,77.1674,77.0891,-999,-999
1.83,217.672,79.2666,0.481141,0,3.85841e-07,1.73938e-08,2.69687e-08,3.96972e-08,6.57791e-08,1.36082e-07,2.50065e-07,3.20148e-07,3.46044e-07,3.58786e-07,3.685e-07,3.49075e-08,6.06633e-08,8.88647e-08,1.23152e-07,1.67851e-07,2.18222e-07,2.62734e-07,2.96683e-07,3.24949e-07,3.5108e-07,77.0908,77.3269,77.9284,78.8008,78.7986,77.9263,77.3258,77.0905,77.0898,77.1702,77.3442,77.5846,77.5841,77.3436,77.1698,77.0897,-999,-999
1.85,217.672,79.2428,0.481454,0,3.83835e-07,1.74885e-08,2.71794e-08,4.0102e-08,6.64489e-08,1.36173e-07,2.47964e-07,3.17472e-07,3.43633e-07,3.56569e-07,3.664e-07,3.46876e-08,6.02581e-08,8.83135e-08,1.22479e-07,1.66983e-07,2.17082e-07,2.61402e-07,2.95231e-07,3.2335e-07,3.49293e-07,77.0937,77.3329,77.9313,78.7883,78.7862,77.9292,77.3318,77.0934,77.0904,77.1727,77.3482,77.5879,77.5874,77.3477,77.1723,77.0903,-999,-999
1.87,217.672,79.2195,0.48176,0,3.81906e-07,1.7582e-08,2.7388e-08,4.05027e-08,6.71051e-08,1.36259e-07,2.45946e-07,3.14887e-07,3.41303e-07,3.54431e-07,3.64378e-07,3.44758e-08,5.98685e-08,8.77848e-08,1.21834e-07,1.6615e-07,2.15984e-07,2.60118e-07,2.93833e-07,3.21813e-07,3.47575e-07,77.0967,77.3388,77.934,78.7759,78.7739,77.932,77.3377,77.0963,77.0911,77.1752,77.3523,77.5911,77.5905,77.3517,77.1749,77.091,-999,-999
1.89,217.672,79.1968,0.482057,0,3.8005e-07,1.76743e-08,2.75946e-08,4.08993e-08,6.77479e-08,1.36339e-07,2.44006e-07,3.12388e-07,3.3905e-07,3.52367e-07,3.6243e-07,3.42716e-08,5.94936e-08,8.72773e-08,1.21215e-07,1.6535e-07,2.14927e-07,2.5888e-07,2.92487e-07,3.20333e-07,3.45922e-07,77.0996,77.3445,77.9365,78.7637,78.7617,77.9344,77.3435,77.0993,77.0918,77.1777,77.3562,77.5942,77.5936,77.3556,77.1774,77.0917,-999,-999
1.91,217.672,79.1745,0.482346,0,3.78262e-07,1.77655e-08,2.77993e-08,4.12919e-08,6.83776e-08,1.36414e-07,2.42139e-07,3.09971e-07,3.36869e-07,3.50374e-07,3.60551e-07,3.40747e-08,5.91328e-08,8.679e-08,1.20622e-07,1.6458e-07,2.13908e-07,2.57686e-07,2.91189e-07,3.18908e-07,3.4433e-07,77.1026,77.3502,77.9387,78.7516,78.7496,77.9367,77.3491,77.1023,77.0925,77.1802,77.3601,77.5972,77.5967,77.3595,77.1799,77.0924,-999,-999
1.93,217.672,79.1528,0.482628,0,3.7654e-07,1.78555e-08,2.80021e-08,4.16805e-08,6.89946e-08,1.36484e-07,2.40343e-07,3.07632e-07,3.34757e-07,3.48448e-07,3.58739e-07,3.38847e-08,5.87854e-08,8.63218e-08,1.20052e-07,1.63838e-07,2.12925e-07,2.56533e-07,2.89936e-07,3.17534e-07,3.42796e-07,77.1056,77.3557,77.9408,78.7396,78.7377,77.9388,77.3546,77.1053,77.0933,77.1828,77.3639,77.6001,77.5996,77.3634,77.1824,77.0931,-999,-999
1.95,217.672,79.1315,0.482903,0,3.74879e-07,1.79445e-08,2.8203e-08,4.20651e-08,6.95989e-08,1.3655e-07,2.38613e-07,3.05366e-07,3.32711e-07,3.46586e-07,3.5699e-07,3.37013e-08,5.84507e-08,8.5872e-08,1.19504e-07,1.63125e-07,2.11976e-07,2.5542e-07,2.88728e-07,3.1621e-07,3.41318e-07,77.1086,77.3611,77.9426,78.7278,78.7259,77.9406,77.3601,77.1082,77.0941,77.1853,77.3677,77.603,77.6025,77.3671,77.185,77.0939,-999,-999
1.97,217.672,79.1107,0.483172,0,3.73277e-07,1.80325e-08,2.84021e-08,4.24457e-08,7.0191e-08,1.36612e-07,2.36945e-07,3.03172e-07,3.30728e-07,3.44784e-07,3.553e-07,3.35242e-08,5.81282e-08,8.54394e-08,1.18978e-07,1.62438e-07,2.1106e-07,2.54344e-07,2.8756e-07,3.14932e-07,3.39892e-07,77.1116,77.3664,77.9442,78.7161,78.7142,77.9423,77.3653,77.1112,77.0949,77.1879,77.3715,77.6058,77.6053,77.3709,77.1875,77.0948,-999,-999
1.99,217.672,79.0903,0.483433,0,3.7173e-07,1.81195e-08,2.85995e-08,4.28224e-08,7.07711e-08,1.36669e-07,2.35338e-07,3.01046e-07,3.28804e-07,3.4304e-07,3.53667e-07,3.33531e-08,5.78174e-08,8.50235e-08,1.18473e-07,1.61775e-07,2.10175e-07,2.53303e-07,2.86432e-07,3.13698e-07,3.38516e-07,77.1146,77.3716,77.9457,78.7045,78.7027,77.9438,77.3705,77.1142,77.0957,77.1904,77.3751,77.6086,77.6081,77.3746,77.1901,77.0956,-999,-999
